{"cameraMode":{"drawMode":0,"name":"Shaded","section":"Shading Mode"},"sceneLighting":false,"audioPlay":false,"sceneViewState":{"showFog":true,"showMaterialUpdate":false,"showSkybox":false,"showFlares":true,"showImageEffects":true,"showParticleSystems":true},"in2DMode":false,"pivot":{"x":-49.033721923828128,"y":-3.35006046295166,"z":3.3176116943359377},"rotation":{"x":0.11224137991666794,"y":-0.730792224407196,"z":0.12394171208143234,"w":0.6618029475212097},"size":45.054229736328128,"orthographic":false}