{"cameraMode":{"drawMode":0,"name":"Shaded","section":"Shading Mode"},"sceneLighting":false,"audioPlay":false,"sceneViewState":{"showFog":true,"showMaterialUpdate":false,"showSkybox":false,"showFlares":true,"showImageEffects":true,"showParticleSystems":true},"in2DMode":false,"pivot":{"x":-0.3692166209220886,"y":-0.33739805221557619,"z":-0.7140464782714844},"rotation":{"x":-0.07211807370185852,"y":0.9267305135726929,"z":-0.2836282253265381,"w":-0.23563656210899354},"size":2.1688284873962404,"orthographic":false}