{"cameraMode":{"drawMode":0,"name":"Shaded","section":"Shading Mode"},"sceneLighting":false,"audioPlay":false,"sceneViewState":{"showFog":true,"showMaterialUpdate":false,"showSkybox":true,"showFlares":true,"showImageEffects":true,"showParticleSystems":true},"in2DMode":false,"pivot":{"x":-12.415731430053711,"y":-6.010532855987549,"z":17.244060516357423},"rotation":{"x":0.1803111881017685,"y":-0.1812095195055008,"z":0.03381743282079697,"w":0.9661818742752075},"size":18.988370895385743,"orthographic":true}