{"cameraMode":{"drawMode":0,"name":"Shaded","section":"Shading Mode"},"sceneLighting":false,"audioPlay":false,"sceneViewState":{"showFog":true,"showMaterialUpdate":false,"showSkybox":false,"showFlares":true,"showImageEffects":true,"showParticleSystems":true},"in2DMode":false,"pivot":{"x":0.04812145233154297,"y":1.189154863357544,"z":2.6731104850769045},"rotation":{"x":0.20275427401065827,"y":-0.7532005310058594,"z":0.27068057656288149,"w":0.5641912221908569},"size":16.678672790527345,"orthographic":true}