{"cameraMode":{"drawMode":0,"name":"Shaded","section":"Shading Mode"},"sceneLighting":false,"audioPlay":false,"sceneViewState":{"showFog":true,"showMaterialUpdate":false,"showSkybox":false,"showFlares":true,"showImageEffects":true,"showParticleSystems":true},"in2DMode":false,"pivot":{"x":-0.51611328125,"y":0.1220703125,"z":2.0943603515625},"rotation":{"x":0.20275427401065827,"y":-0.7532005310058594,"z":0.27068057656288149,"w":0.5641912221908569},"size":4.6897101402282719,"orthographic":true}