{"cameraMode":{"drawMode":0,"name":"Shaded","section":"Shading Mode"},"sceneLighting":false,"audioPlay":false,"sceneViewState":{"showFog":true,"showMaterialUpdate":false,"showSkybox":false,"showFlares":true,"showImageEffects":true,"showParticleSystems":true},"in2DMode":false,"pivot":{"x":-0.008802175521850586,"y":2.409303665161133,"z":2.590914249420166},"rotation":{"x":0.20275427401065827,"y":-0.7532005310058594,"z":0.27068057656288149,"w":0.5641912221908569},"size":16.76547622680664,"orthographic":true}