{"cameraMode":{"drawMode":0,"name":"Shaded","section":"Shading Mode"},"sceneLighting":false,"audioPlay":false,"sceneViewState":{"showFog":true,"showMaterialUpdate":false,"showSkybox":false,"showFlares":true,"showImageEffects":true,"showParticleSystems":true},"in2DMode":false,"pivot":{"x":-18.900115966796876,"y":8.158235549926758,"z":2.3538818359375},"rotation":{"x":0.1900216042995453,"y":-0.37288516759872439,"z":0.07830863445997238,"w":0.9048294425010681},"size":45.054229736328128,"orthographic":true}