{"cameraMode":{"drawMode":0,"name":"Shaded","section":"Shading Mode"},"sceneLighting":false,"audioPlay":false,"sceneViewState":{"showFog":true,"showMaterialUpdate":false,"showSkybox":false,"showFlares":true,"showImageEffects":true,"showParticleSystems":true},"in2DMode":false,"pivot":{"x":0.46826171875,"y":0.8193359375,"z":0.9078369140625},"rotation":{"x":0.20275427401065827,"y":-0.7532005310058594,"z":0.27068057656288149,"w":0.5641912221908569},"size":3.1548686027526857,"orthographic":true}