{"cameraMode":{"drawMode":0,"name":"Shaded","section":"Shading Mode"},"sceneLighting":false,"audioPlay":false,"sceneViewState":{"showFog":true,"showMaterialUpdate":false,"showSkybox":false,"showFlares":true,"showImageEffects":true,"showParticleSystems":true},"in2DMode":false,"pivot":{"x":0.004107832908630371,"y":-0.042264699935913089,"z":0.8765544891357422},"rotation":{"x":0.20275427401065827,"y":-0.7532005310058594,"z":0.27068057656288149,"w":0.5641912221908569},"size":4.581350803375244,"orthographic":true}